Customer ID,Age,Gender,Item Purchased
1994,32.0,Male,Blouse
1995,33.0,Male,Sunglasses
1996,67.0,Male,Boots
1997,67.0,Male,Sneakers
1998,42.0,Male,Backpack
1999,20.0,Male,Pants
2000,39.0,Male,Socks
1,55.0,Male,Blouse
2,19.0,Male,Sweater
3,50.0,Male,Jeans
1,55.0,Male,Blouse
2,19.0,Male,Sweater
3,50.0,Male,Jeans
4,21.0,Male,Sandals
5,45.0,Male,Blouse
6,46.0,Male,Sneakers
7,63.0,Male,Shirt
8,27.0,Male,Shorts
9,nan,,Coat
10,57.0,Male,Handbag
11,53.0,Male,Shoes
12,30.0,Male,Shorts
13,61.0,Male,Coat
14,65.0,Male,Dress
15,64.0,Male,Coat
16,64.0,Male,Skirt
17,25.0,Male,Sunglasses
18,53.0,Male,Dress
19,52.0,Male,Sweater
20,66.0,Male,Pants
21,21.0,Male,Pants
22,31.0,Male,Pants
23,56.0,Male,Pants
24,31.0,Male,Pants
25,18.0,Male,Jacket
26,18.0,Male,Hoodie
27,38.0,Male,Jewelry
28,56.0,Male,Shorts
29,54.0,Male,Handbag
30,31.0,Male,Dress
31,57.0,Male,Jewelry
32,33.0,Male,Dress
33,36.0,Male,Jacket
34,54.0,Male,Pants
35,36.0,Male,T-shirt
36,54.0,Male,Blouse
37,35.0,Male,T-shirt
38,35.0,Male,Jeans
39,29.0,Male,Dress
40,70.0,Male,Pants
41,69.0,Male,Handbag
42,67.0,Male,Scarf
43,20.0,Male,Coat
44,25.0,Male,Scarf
45,39.0,Male,Hat
46,50.0,Male,Socks
47,57.0,Male,Shirt
48,55.0,Male,Jewelry
49,42.0,Male,Shirt
50,68.0,Male,Hoodie
51,49.0,Male,Blouse
52,59.0,Male,Skirt
53,42.0,Male,T-shirt
54,29.0,Male,Skirt
55,47.0,Male,Coat
56,40.0,Male,Jacket
57,41.0,Male,Backpack
58,21.0,Male,Coat
59,69.0,Male,Hoodie
60,63.0,Male,Belt
61,50.0,Male,Sweater
62,55.0,Male,Scarf
63,30.0,Male,Sneakers
64,33.0,Male,Sunglasses
65,65.0,Male,Boots
66,65.0,Male,Backpack
67,31.0,Male,Blouse
68,45.0,Male,Coat
69,57.0,Male,Handbag
70,nan,,Belt
71,22.0,Male,Belt
72,36.0,Male,Dress
73,18.0,Male,Dress
74,48.0,Male,Pants
75,49.0,Male,Gloves
76,64.0,Male,Scarf
77,50.0,Male,Hat
78,22.0,Male,Dress
79,50.0,Male,Skirt
80,38.0,Male,Jacket
81,19.0,Male,Sandals
82,67.0,Male,Shoes
83,19.0,Male,Pants
84,36.0,Male,Dress
85,52.0,Male,Coat
86,53.0,Male,Sunglasses
87,24.0,Male,Hoodie
88,52.0,Male,Shoes
89,33.0,Male,T-shirt
90,47.0,Male,Jacket
91,25.0,Male,Hat
92,44.0,Male,Scarf
93,61.0,Male,Jacket
94,nan,,Sweater
95,58.0,Male,Skirt
96,37.0,Male,Sneakers
97,32.0,Male,Gloves
98,21.0,Male,Shoes
99,20.0,Male,Jeans
100,26.0,Male,Hoodie
101,62.0,Male,Sunglasses
102,27.0,Male,Coat
103,51.0,Male,Socks
104,54.0,Male,Boots
105,55.0,Male,Sunglasses
106,69.0,Male,Backpack
107,64.0,Male,Jacket
108,28.0,Male,Sneakers
109,70.0,Male,Socks
110,58.0,Male,T-shirt
111,56.0,Male,Backpack
112,26.0,Male,Belt
113,37.0,Male,Gloves
114,44.0,Male,Hat
115,70.0,Male,Coat
116,53.0,Male,Skirt
117,55.0,Male,Shoes
118,50.0,Male,Sandals
119,50.0,Male,Sweater
120,38.0,Male,Coat
121,64.0,Male,Hat
122,19.0,Male,Shorts
123,40.0,Male,Backpack
124,57.0,Male,Sweater
125,44.0,Male,Sweater
126,49.0,Male,Shorts
127,43.0,Male,Shorts
128,24.0,Male,Sweater
129,20.0,Male,Scarf
130,24.0,Male,Dress
131,44.0,Male,Scarf
132,28.0,Male,Skirt
133,30.0,Male,Backpack
134,52.0,Male,Sweater
135,43.0,Male,Hat
136,43.0,Male,Sandals
137,39.0,Male,Blouse
138,68.0,Male,Sneakers
139,68.0,Male,Skirt
140,49.0,Male,Coat
141,63.0,Male,Shirt
142,56.0,Male,Gloves
143,37.0,Male,Jacket
144,30.0,Male,Coat
145,19.0,Male,Shoes
146,24.0,Male,Jewelry
147,52.0,Male,Skirt
148,63.0,Male,Shoes
149,37.0,Male,Gloves
150,38.0,Male,Pants
151,35.0,Male,Boots
152,28.0,Male,Sunglasses
153,30.0,Male,Shirt
154,69.0,Male,Hoodie
155,41.0,Male,Dress
156,63.0,Male,Socks
157,35.0,Male,Shorts
158,36.0,Male,Hat
159,25.0,Male,Shirt
160,58.0,Male,Gloves
161,27.0,Male,Gloves
162,65.0,Male,Backpack
163,54.0,Male,Sunglasses
164,54.0,Male,Skirt
165,59.0,Male,Handbag
166,42.0,Male,Handbag
167,46.0,Male,Sneakers
168,33.0,Male,Gloves
169,34.0,Male,Shoes
170,27.0,Male,Jacket
171,52.0,Male,Shirt
172,29.0,Male,Shorts
173,54.0,Male,Jewelry
174,25.0,Male,Hat
175,41.0,Male,Shoes
176,53.0,Male,Coat
177,53.0,Male,Backpack
178,21.0,Male,Hoodie
179,61.0,Male,Skirt
180,64.0,Male,Boots
181,51.0,Male,Sandals
182,32.0,Male,Pants
183,38.0,Male,Gloves
184,58.0,Male,Skirt
185,32.0,Male,Sneakers
186,46.0,Male,T-shirt
187,39.0,Male,Backpack
188,19.0,Male,Shoes
189,50.0,Male,Hoodie
190,36.0,Male,Blouse
191,65.0,Male,Coat
192,64.0,Male,Hat
193,46.0,Male,Shoes
194,36.0,Male,Belt
195,51.0,Male,Backpack
196,51.0,Male,Jacket
197,38.0,Male,Boots
198,59.0,Male,Scarf
199,57.0,Male,Jewelry
200,54.0,Male,Hat
201,25.0,Male,Dress
202,69.0,Male,Blouse
203,57.0,Male,Hat
204,70.0,Male,Scarf
205,24.0,Male,Sneakers
206,67.0,Male,Shirt
207,24.0,Male,T-shirt
208,62.0,Male,Gloves
209,57.0,Male,Skirt
210,55.0,Male,Sandals
211,45.0,Male,Jacket
212,69.0,Male,Skirt
213,67.0,Male,Handbag
214,30.0,Male,Handbag
215,24.0,Male,Jacket
216,62.0,Male,Scarf
217,43.0,Male,Shorts
218,35.0,Male,Sunglasses
219,28.0,Male,T-shirt
220,32.0,Male,Belt
221,39.0,Male,Sneakers
222,28.0,Male,Hat
223,47.0,Male,Gloves
224,20.0,Male,Pants
225,63.0,Male,Socks
226,25.0,Male,Jacket
227,29.0,Male,Shoes
228,50.0,Male,Jeans
229,18.0,Male,Socks
230,70.0,Male,Sandals
231,66.0,Male,Scarf
232,28.0,Male,Blouse
233,54.0,Male,Jewelry
234,19.0,Male,Sweater
235,20.0,Male,Gloves
236,43.0,Male,Sunglasses
237,38.0,Male,Coat
238,50.0,Male,Dress
239,64.0,Male,Skirt
240,49.0,Male,Pants
241,47.0,Male,Sweater
242,36.0,Male,Hoodie
243,55.0,Male,Coat
244,25.0,Male,Jewelry
245,53.0,Male,Belt
246,49.0,Male,Sandals
247,35.0,Male,Sunglasses
248,29.0,Male,Sweater
249,47.0,Male,Belt
250,53.0,Male,Handbag
251,33.0,Male,Skirt
252,21.0,Male,Handbag
253,32.0,Male,Shorts
254,52.0,Male,Boots
255,67.0,Male,Sunglasses
256,43.0,Male,Scarf
257,58.0,Male,Jewelry
258,20.0,Male,Handbag
259,61.0,Male,Gloves
260,32.0,Male,Jeans
261,38.0,Male,Hat
262,21.0,Male,Jeans
263,37.0,Male,Pants
264,27.0,Male,Shorts
265,36.0,Male,Pants
266,32.0,Male,Backpack
267,51.0,Male,Jewelry
268,64.0,Male,Sweater
269,68.0,Male,Shoes
270,68.0,Male,Blouse
271,33.0,Male,Jeans
272,65.0,Male,Sunglasses
273,48.0,Male,Jewelry
274,69.0,Male,Coat
275,59.0,Male,Jewelry
276,48.0,Male,Backpack
277,25.0,Male,Skirt
278,29.0,Male,Shirt
279,57.0,Male,Sweater
280,23.0,Male,Sneakers
281,45.0,Male,Sandals
282,38.0,Male,Belt
283,21.0,Male,Skirt
284,32.0,Male,Sweater
285,63.0,Male,Skirt
286,29.0,Male,Handbag
287,27.0,Male,Jewelry
288,56.0,Male,Scarf
289,30.0,Male,T-shirt
290,49.0,Male,Coat
291,58.0,Male,T-shirt
292,57.0,Male,Dress
293,60.0,Male,Shoes
294,69.0,Male,Handbag
295,70.0,Male,Skirt
296,53.0,Male,Sunglasses
297,25.0,Male,Sandals
298,48.0,Male,Shoes
299,nan,,T-shirt
300,25.0,Male,Sneakers
301,29.0,Male,Hat
302,46.0,Male,Skirt
303,37.0,Male,Sweater
304,20.0,Male,Sandals
305,40.0,Male,Dress
306,60.0,Male,Sweater
307,26.0,Male,Jacket
308,29.0,Male,Gloves
309,66.0,Male,Handbag
310,66.0,Male,Dress
311,56.0,Male,Pants
312,69.0,Male,Jeans
313,38.0,Male,Pants
314,42.0,Male,Dress
315,30.0,Male,Pants
316,66.0,Male,Jewelry
317,36.0,Male,Handbag
318,58.0,Male,Sweater
319,45.0,Male,Backpack
320,47.0,Male,Shorts
321,66.0,Male,Jewelry
322,41.0,Male,Sneakers
323,41.0,Male,Belt
324,66.0,Male,Hoodie
325,37.0,Male,Shirt
326,70.0,Male,Pants
327,62.0,Male,Scarf
328,61.0,Male,Coat
329,48.0,Male,Coat
330,70.0,Male,Socks
331,46.0,Male,Sweater
332,31.0,Male,Shirt
333,19.0,Male,Shirt
334,39.0,Male,Sweater
335,41.0,Male,Blouse
336,20.0,Male,Sweater
337,36.0,Male,Hat
338,32.0,Male,Sweater
339,69.0,Male,Hoodie
340,40.0,Male,Shorts
341,40.0,Male,Shorts
342,20.0,Male,Hat
343,64.0,Male,Coat
344,27.0,Male,Sandals
345,24.0,Male,Skirt
346,48.0,Male,Shoes
347,49.0,Male,Jeans
348,36.0,Male,Sandals
349,56.0,Male,Blouse
350,37.0,Male,Hat
351,42.0,Male,Sweater
352,28.0,Male,Skirt
353,27.0,Male,Jeans
354,63.0,Male,Sneakers
355,58.0,Male,Jewelry
356,37.0,Male,Jewelry
357,56.0,Male,Pants
358,18.0,Male,Belt
359,48.0,Male,Hat
360,31.0,Male,Sneakers
361,51.0,Male,Pants
362,65.0,Male,T-shirt
363,53.0,Male,Sneakers
364,55.0,Male,Shorts
365,62.0,Male,Shoes
366,55.0,Male,Gloves
367,64.0,Male,Socks
368,52.0,Male,Dress
369,24.0,Male,Handbag
370,38.0,Male,Belt
371,59.0,Male,Scarf
372,27.0,Male,Sneakers
373,24.0,Male,Sweater
374,23.0,Male,Coat
375,69.0,Male,Jewelry
376,59.0,Male,Sunglasses
377,51.0,Male,Shoes
378,63.0,Male,Scarf
379,54.0,Male,Dress
380,32.0,Male,T-shirt
381,39.0,Male,Backpack
382,66.0,Male,Jewelry
383,28.0,Male,Jeans
384,50.0,Male,Sunglasses
385,70.0,Male,Sweater
386,67.0,Male,Shorts
387,64.0,Male,Jewelry
388,45.0,Male,Coat
389,22.0,Male,Handbag
390,27.0,Male,Boots
391,25.0,Male,Gloves
392,37.0,Male,Sweater
393,26.0,Male,T-shirt
394,33.0,Male,Shoes
395,43.0,Male,Scarf
396,37.0,Male,Sneakers
397,46.0,Male,Dress
398,22.0,Male,Belt
399,20.0,Male,Boots
400,60.0,Male,Scarf
401,39.0,Male,Boots
402,43.0,Male,T-shirt
403,31.0,Male,Backpack
404,19.0,Male,Sneakers
405,35.0,Male,T-shirt
406,41.0,Male,Jeans
407,52.0,Male,Gloves
408,45.0,Male,Hoodie
409,nan,,Sneakers
410,35.0,Male,Shorts
411,29.0,Male,Sweater
412,59.0,Male,Jeans
413,24.0,Male,Jacket
414,70.0,Male,Jewelry
415,29.0,Male,Backpack
416,67.0,Male,Coat
417,nan,,Belt
418,23.0,Male,Sandals
419,18.0,Male,Sweater
420,53.0,Male,Shorts
421,32.0,Male,Socks
422,38.0,Male,Shirt
423,47.0,Male,Pants
424,46.0,Male,Scarf
425,66.0,Male,Sweater
426,40.0,Male,Jeans
427,43.0,Male,Pants
428,58.0,Male,Backpack
429,21.0,Male,Coat
430,42.0,Male,Sandals
431,24.0,Male,Shirt
432,43.0,Male,Hat
433,47.0,Male,Shirt
434,49.0,Male,Skirt
435,50.0,Male,Shoes
436,51.0,Male,Coat
437,40.0,Male,Pants
438,45.0,Male,Jewelry
439,52.0,Male,Belt
440,62.0,Male,Jacket
441,20.0,Male,Shirt
442,43.0,Male,Hoodie
443,29.0,Male,Sunglasses
444,22.0,Male,Sunglasses
445,48.0,Male,Dress
446,42.0,Male,Boots
447,19.0,Male,Shirt
448,60.0,Male,Shorts
449,32.0,Male,Gloves
450,26.0,Male,Jewelry
451,25.0,Male,Boots
452,66.0,Male,Jewelry
453,45.0,Male,Pants
454,54.0,Male,Jewelry
455,37.0,Male,Jacket
456,54.0,Male,Blouse
457,50.0,Male,Blouse
458,25.0,Male,Gloves
459,47.0,Male,Shorts
460,63.0,Male,Hat
461,64.0,Male,Shoes
462,18.0,Male,Boots
463,59.0,Male,Jacket
464,37.0,Male,Jewelry
465,23.0,Male,Sunglasses
466,54.0,Male,Skirt
467,38.0,Male,Jeans
468,19.0,Male,Backpack
469,34.0,Male,Backpack
470,21.0,Male,Shorts
471,50.0,Male,Dress
472,55.0,Male,Scarf
473,20.0,Male,Jeans
474,34.0,Male,Coat
475,62.0,Male,Sweater
476,21.0,Male,Sneakers
477,21.0,Male,Scarf
478,42.0,Male,Sweater
479,35.0,Male,Jewelry
480,39.0,Male,Handbag
481,68.0,Male,Hoodie
482,46.0,Male,Hat
483,41.0,Male,Belt
484,23.0,Male,Hoodie
485,68.0,Male,Hat
486,48.0,Male,Shoes
487,38.0,Male,Sandals
488,41.0,Male,Jacket
489,58.0,Male,Sweater
490,49.0,Male,Socks
491,57.0,Male,Sneakers
492,49.0,Male,Coat
493,50.0,Male,Shirt
494,28.0,Male,Backpack
495,38.0,Male,Boots
496,33.0,Male,Handbag
497,30.0,Male,Dress
498,43.0,Male,Sneakers
499,43.0,Male,Boots
500,36.0,Male,Shoes
501,36.0,Male,T-shirt
502,64.0,Male,Boots
503,59.0,Male,Pants
504,55.0,Male,Shoes
505,42.0,Male,Shoes
506,61.0,Male,T-shirt
507,28.0,Male,Scarf
508,65.0,Male,Shorts
509,27.0,Male,Jewelry
510,41.0,Male,T-shirt
511,21.0,Male,Shirt
512,61.0,Male,Shirt
513,19.0,Male,Gloves
514,22.0,Male,Scarf
515,64.0,Male,Skirt
516,28.0,Male,Hat
517,34.0,Male,Hoodie
518,61.0,Male,Boots
519,24.0,Male,Blouse
520,19.0,Male,Belt
521,51.0,Male,Sunglasses
522,36.0,Male,Shorts
523,65.0,Male,Gloves
524,46.0,Male,Sandals
525,59.0,Male,Shirt
526,51.0,Male,Coat
527,51.0,Male,Pants
528,21.0,Male,T-shirt
529,34.0,Male,Sneakers
530,32.0,Male,Shorts
531,48.0,Male,Coat
532,50.0,Male,Sandals
533,26.0,Male,Pants
534,57.0,Male,Sandals
535,65.0,Male,Gloves
536,56.0,Male,T-shirt
537,44.0,Male,Jacket
538,50.0,Male,Blouse
539,27.0,Male,Socks
540,49.0,Male,Coat
541,49.0,Male,Dress
542,52.0,Male,Jacket
543,27.0,Male,Boots
544,53.0,Male,Skirt
545,34.0,Male,Sandals
546,33.0,Male,Coat
547,62.0,Male,Hoodie
548,38.0,Male,Jacket
549,36.0,Male,Backpack
550,31.0,Male,Backpack
551,62.0,Male,Belt
552,29.0,Male,Coat
553,24.0,Male,T-shirt
554,63.0,Male,Sunglasses
555,56.0,Male,Sneakers
556,63.0,Male,Gloves
557,40.0,Male,Coat
558,18.0,Male,Shirt
559,50.0,Male,Sneakers
560,66.0,Male,Scarf
561,25.0,Male,Jewelry
562,65.0,Male,Jacket
563,53.0,Male,Jeans
564,61.0,Male,Shoes
565,67.0,Male,Hoodie
566,59.0,Male,Backpack
567,55.0,Male,Sneakers
568,21.0,Male,Blouse
569,44.0,Male,Pants
570,65.0,Male,Skirt
571,65.0,Male,T-shirt
572,54.0,Male,Jacket
573,56.0,Male,Scarf
574,58.0,Male,Pants
575,54.0,Male,Sneakers
576,58.0,Male,Jeans
577,48.0,Male,Hat
578,19.0,Male,Skirt
579,69.0,Male,Sandals
580,58.0,Male,Sandals
581,49.0,Male,Sweater
582,32.0,Male,Sweater
583,40.0,Male,Jacket
584,25.0,Male,Shorts
585,70.0,Male,Socks
586,69.0,Male,Socks
587,45.0,Male,Hoodie
588,29.0,Male,Socks
589,47.0,Male,Boots
590,28.0,Male,Shirt
591,64.0,Male,Belt
592,47.0,Male,Backpack
593,60.0,Male,Boots
594,67.0,Male,Coat
595,35.0,Male,Hoodie
596,30.0,Male,Shoes
597,23.0,Male,Shoes
598,70.0,Male,Jewelry
599,21.0,Male,Dress
600,51.0,Male,Boots
601,22.0,Male,Hat
602,32.0,Male,Backpack
603,37.0,Male,Shoes
604,31.0,Male,Handbag
605,44.0,Male,Sunglasses
606,40.0,Male,Hat
607,27.0,Male,Scarf
608,47.0,Male,Hoodie
609,41.0,Male,Backpack
610,51.0,Male,Sweater
611,53.0,Male,Shorts
612,43.0,Male,Scarf
613,67.0,Male,Hat
614,61.0,Male,Coat
615,68.0,Male,Jewelry
616,67.0,Male,Sandals
617,29.0,Male,Gloves
618,50.0,Male,Backpack
619,61.0,Male,Jacket
620,19.0,Male,Backpack
621,33.0,Male,Backpack
622,51.0,Male,Sunglasses
623,69.0,Male,Socks
624,19.0,Male,Shoes
625,55.0,Male,Pants
626,49.0,Male,Jewelry
627,31.0,Male,Sunglasses
628,42.0,Male,Sandals
629,69.0,Male,Sweater
630,26.0,Male,Shoes
631,41.0,Male,Jewelry
632,55.0,Male,Boots
633,35.0,Male,Backpack
634,66.0,Male,Sandals
635,36.0,Male,Sneakers
636,27.0,Male,Hoodie
637,41.0,Male,Handbag
638,21.0,Male,Sweater
639,53.0,Male,Sandals
640,54.0,Male,Dress
641,53.0,Male,Skirt
642,47.0,Male,Blouse
643,64.0,Male,Skirt
644,18.0,Male,Sweater
645,68.0,Male,Backpack
646,62.0,Male,Hoodie
647,51.0,Male,Boots
648,54.0,Male,Blouse
649,22.0,Male,Hoodie
650,53.0,Male,Pants
651,34.0,Male,Gloves
652,nan,,Hat
653,64.0,Male,Sunglasses
654,20.0,Male,Scarf
655,24.0,Male,Handbag
656,20.0,Male,Handbag
657,42.0,Male,Jeans
658,48.0,Male,Jacket
659,62.0,Male,Backpack
660,62.0,Male,Shorts
661,50.0,Male,Coat
662,57.0,Male,Shirt
663,24.0,Male,Gloves
664,59.0,Male,Dress
665,63.0,Male,Pants
666,41.0,Male,Pants
667,35.0,Male,Hoodie
668,34.0,Male,Sunglasses
669,49.0,Male,T-shirt
670,43.0,Male,Jacket
671,63.0,Male,Sweater
672,38.0,Male,Jacket
673,59.0,Male,Socks
674,35.0,Male,Shirt
675,48.0,Male,Jewelry
676,64.0,Male,Sunglasses
677,28.0,Male,Pants
678,60.0,Male,Socks
679,27.0,Male,Blouse
680,56.0,Male,Sandals
681,58.0,Male,Sneakers
682,30.0,Male,Shirt
683,23.0,Male,Jacket
684,33.0,Male,Sandals
685,63.0,Male,Hat
686,70.0,Male,Blouse
687,70.0,Male,Sweater
688,19.0,Male,Gloves
689,25.0,Male,Scarf
690,19.0,Male,Hoodie
691,25.0,Male,Shorts
692,60.0,Male,Backpack
693,35.0,Male,Sunglasses
694,46.0,Male,Shorts
695,41.0,Male,Dress
696,30.0,Male,Shorts
697,44.0,Male,Belt
698,61.0,Male,Scarf
699,55.0,Male,Boots
700,50.0,Male,Handbag
701,57.0,Male,Pants
702,51.0,Male,Boots
703,18.0,Male,Shirt
704,63.0,Male,Dress
705,34.0,Male,Hoodie
706,25.0,Male,Pants
707,46.0,Male,Jeans
708,59.0,Male,Shirt
709,37.0,Male,Backpack
710,49.0,Male,Jacket
711,22.0,Male,Scarf
712,64.0,Male,Boots
713,42.0,Male,Blouse
714,37.0,Male,Hoodie
715,26.0,Male,Jacket
716,33.0,Male,Jeans
717,30.0,Male,Jewelry
718,21.0,Male,Socks
719,22.0,Male,Shirt
720,63.0,Male,Shorts
721,33.0,Male,Jewelry
722,43.0,Male,Blouse
723,27.0,Male,Sweater
724,35.0,Male,Jewelry
725,37.0,Male,T-shirt
726,61.0,Male,Hat
727,32.0,Male,Shorts
728,62.0,Male,Sweater
729,29.0,Male,Jeans
730,41.0,Male,Sunglasses
731,48.0,Male,Boots
732,43.0,Male,Coat
733,34.0,Male,Shirt
734,45.0,Male,Dress
735,65.0,Male,Shirt
736,61.0,Male,Sunglasses
737,18.0,Male,Dress
738,47.0,Male,Sunglasses
739,56.0,Male,Sunglasses
740,64.0,Male,Shorts
741,26.0,Male,Jeans
742,22.0,Male,T-shirt
743,64.0,Male,Pants
744,21.0,Male,Sunglasses
745,67.0,Male,Boots
746,46.0,Male,T-shirt
747,40.0,Male,Sandals
748,51.0,Male,Shorts
749,35.0,Male,Hat
750,56.0,Male,Scarf
751,25.0,Male,T-shirt
752,65.0,Male,Gloves
753,39.0,Male,Scarf
754,47.0,Male,Boots
755,36.0,Male,Gloves
756,66.0,Male,Coat
757,62.0,Male,Belt
758,41.0,Male,Hoodie
759,66.0,Male,Shoes
760,51.0,Male,Dress
761,33.0,Male,Gloves
762,57.0,Male,Jewelry
763,45.0,Male,Belt
764,61.0,Male,Sweater
765,55.0,Male,Skirt
766,54.0,Male,Sneakers
767,57.0,Male,Gloves
768,27.0,Male,Coat
769,64.0,Male,Backpack
770,52.0,Male,Socks
771,19.0,Male,Sneakers
772,22.0,Male,Sweater
773,18.0,Male,Jeans
774,29.0,Male,Hat
775,42.0,Male,Hat
776,49.0,Male,Handbag
777,49.0,Male,Shirt
778,55.0,Male,Socks
779,29.0,Male,Socks
780,60.0,Male,Dress
781,34.0,Male,Shoes
782,30.0,Male,Scarf
783,28.0,Male,Hoodie
784,63.0,Male,T-shirt
785,31.0,Male,Jeans
786,46.0,Male,Shorts
787,70.0,Male,Hat
788,53.0,Male,Handbag
789,50.0,Male,Pants
790,33.0,Male,Handbag
791,22.0,Male,Sweater
792,50.0,Male,Scarf
793,34.0,Male,Sneakers
794,24.0,Male,Pants
795,69.0,Male,Backpack
796,39.0,Male,Sandals
797,42.0,Male,Socks
798,42.0,Male,Coat
799,29.0,Male,Socks
800,55.0,Male,Belt
801,32.0,Male,Socks
802,25.0,Male,Belt
803,38.0,Male,Pants
804,32.0,Male,Shorts
805,43.0,Male,Boots
806,41.0,Male,Dress
807,56.0,Male,Jeans
808,27.0,Male,T-shirt
809,46.0,Male,Shoes
810,48.0,Male,Boots
811,52.0,Male,Scarf
812,18.0,Male,Sneakers
813,64.0,Male,Boots
814,54.0,Male,Handbag
815,31.0,Male,Shirt
816,30.0,Male,Hat
817,26.0,Male,Sweater
818,25.0,Male,Handbag
819,59.0,Male,Shirt
820,55.0,Male,Sunglasses
821,56.0,Male,Sneakers
822,62.0,Male,Hoodie
823,35.0,Male,Shirt
824,51.0,Male,Sunglasses
825,61.0,Male,Blouse
826,27.0,Male,Belt
827,54.0,Male,Dress
828,31.0,Male,Shoes
829,24.0,Male,Socks
830,42.0,Male,Socks
831,41.0,Male,Shorts
832,66.0,Male,Gloves
833,58.0,Male,Jacket
834,43.0,Male,Handbag
835,52.0,Male,Backpack
836,35.0,Male,Boots
837,23.0,Male,Gloves
838,25.0,Male,Hoodie
839,33.0,Male,Coat
840,48.0,Male,Shirt
841,42.0,Male,Shirt
842,55.0,Male,Sweater
843,59.0,Male,Shirt
844,65.0,Male,Hoodie
845,59.0,Male,Sandals
846,31.0,Male,Belt
847,49.0,Male,Boots
848,53.0,Male,Hoodie
849,48.0,Male,Sandals
850,23.0,Male,Jeans
851,68.0,Male,Shoes
852,35.0,Male,Sandals
853,34.0,Male,Dress
854,62.0,Male,Hat
855,21.0,Male,Pants
856,70.0,Male,Socks
857,55.0,Male,Shirt
858,43.0,Male,Shorts
859,19.0,Male,Jacket
860,47.0,Male,Hoodie
861,26.0,Male,Shoes
862,46.0,Male,Skirt
863,19.0,Male,Coat
864,49.0,Male,Sneakers
865,51.0,Male,Jeans
866,64.0,Male,Blouse
867,67.0,Male,Sunglasses
868,37.0,Male,Jacket
869,40.0,Male,Dress
870,38.0,Male,Hat
871,66.0,Male,Hoodie
872,47.0,Male,Handbag
873,56.0,Male,Jeans
874,51.0,Male,Boots
875,25.0,Male,Jacket
876,37.0,Male,Sandals
877,41.0,Male,Belt
878,64.0,Male,Handbag
879,23.0,Male,Sunglasses
880,62.0,Male,Skirt
881,39.0,Male,Backpack
882,52.0,Male,Sandals
883,50.0,Male,Boots
884,28.0,Male,Sneakers
885,67.0,Male,Skirt
886,41.0,Male,Dress
887,19.0,Male,Shorts
888,70.0,Male,Handbag
889,49.0,Male,Scarf
890,59.0,Male,Belt
891,52.0,Male,Gloves
892,20.0,Male,Skirt
893,31.0,Male,Shorts
894,33.0,Male,Backpack
895,44.0,Male,Hoodie
896,40.0,Male,Hat
897,69.0,Male,Jewelry
898,29.0,Male,Shirt
899,54.0,Male,Belt
900,65.0,Male,Sweater
901,54.0,Male,Hat
902,60.0,Male,Scarf
903,43.0,Male,Hat
904,44.0,Male,Jacket
905,69.0,Male,T-shirt
906,46.0,Male,Dress
907,41.0,Male,Pants
908,32.0,Male,Sweater
909,26.0,Male,Sunglasses
910,61.0,Male,Belt
911,49.0,Male,Hoodie
912,53.0,Male,Pants
913,24.0,Male,Hoodie
914,37.0,Male,Sneakers
915,43.0,Male,Dress
916,31.0,Male,Dress
917,49.0,Male,Jeans
918,69.0,Male,Sweater
919,65.0,Male,Shorts
920,41.0,Male,Shirt
921,37.0,Male,Belt
922,70.0,Male,Coat
923,63.0,Male,Sneakers
924,55.0,Male,Shirt
925,52.0,Male,Socks
926,22.0,Male,Jeans
927,54.0,Male,Jeans
928,28.0,Male,Sneakers
929,67.0,Male,Dress
930,59.0,Male,Boots
931,26.0,Male,T-shirt
932,24.0,Male,Coat
933,62.0,Male,Skirt
934,70.0,Male,Sneakers
935,45.0,Male,Jeans
936,58.0,Male,Hoodie
937,31.0,Male,Shoes
938,32.0,Male,Shorts
939,36.0,Male,Blouse
940,25.0,Male,T-shirt
941,48.0,Male,Belt
942,39.0,Male,Handbag
943,26.0,Male,Dress
944,32.0,Male,Hat
945,54.0,Male,Belt
946,38.0,Male,Boots
947,46.0,Male,Coat
948,57.0,Male,Blouse
949,49.0,Male,Hat
950,33.0,Male,Jeans
951,54.0,Male,Backpack
952,47.0,Male,Dress
953,36.0,Male,Hat
954,68.0,Male,Sunglasses
955,60.0,Male,Hat
956,55.0,Male,Dress
957,29.0,Male,Shirt
958,38.0,Male,Scarf
959,70.0,Male,Sneakers
960,36.0,Male,Skirt
961,18.0,Male,Jewelry
962,62.0,Male,Boots
963,29.0,Male,Sunglasses
964,21.0,Male,Boots
965,42.0,Male,Sandals
966,43.0,Male,Boots
967,58.0,Male,Dress
968,27.0,Male,Hoodie
969,57.0,Male,Shorts
970,40.0,Male,Coat
971,45.0,Male,Jeans
972,47.0,Male,Sunglasses
973,61.0,Male,Sneakers
974,60.0,Male,Jacket
975,69.0,Male,Skirt
976,58.0,Male,Sweater
977,34.0,Male,T-shirt
978,20.0,Male,Belt
979,56.0,Male,Gloves
980,64.0,Male,Hat
981,56.0,Male,Boots
982,27.0,Male,Belt
983,35.0,Male,Coat
984,24.0,Male,Hat
985,26.0,Male,Shoes
986,32.0,Male,Handbag
987,54.0,Male,Scarf
988,62.0,Male,Handbag
989,50.0,Male,Pants
990,70.0,Male,Shoes
991,48.0,Male,Sunglasses
992,20.0,Male,Shorts
993,46.0,Male,Jacket
994,51.0,Male,Sandals
995,53.0,Male,Shoes
996,44.0,Male,Jewelry
997,29.0,Male,Sandals
998,64.0,Male,Pants
999,51.0,Male,Shoes
1000,50.0,Male,Socks
1001,43.0,Male,Socks
1002,61.0,Male,Dress
1003,55.0,Male,Shoes
1004,56.0,Male,Hat
1005,33.0,Male,Backpack
1006,43.0,Male,Backpack
1007,21.0,Male,Pants
1008,58.0,Male,Gloves
1009,41.0,Male,Scarf
1010,39.0,Male,Hoodie
1011,54.0,Male,Jeans
1012,43.0,Male,Backpack
1013,28.0,Male,Sandals
1014,59.0,Male,Belt
1015,28.0,Male,Shoes
1016,68.0,Male,Gloves
1017,20.0,Male,Belt
1018,21.0,Male,Jacket
1019,50.0,Male,Dress
1020,32.0,Male,Shirt
1021,24.0,Male,Scarf
1022,55.0,Male,Coat
1023,61.0,Male,Handbag
1024,61.0,Male,Sunglasses
1025,28.0,Male,T-shirt
1026,60.0,Male,Shirt
1027,49.0,Male,Handbag
1028,33.0,Male,Jewelry
1029,45.0,Male,Hoodie
1030,29.0,Male,Gloves
1031,58.0,Male,Coat
1032,22.0,Male,Sandals
1033,55.0,Male,Boots
1034,19.0,Male,Pants
1035,68.0,Male,Socks
1036,61.0,Male,Blouse
1037,68.0,Male,Handbag
1038,52.0,Male,Jewelry
1039,41.0,Male,Pants
1040,29.0,Male,Belt
1041,68.0,Male,Jeans
1042,36.0,Male,Shirt
1043,55.0,Male,Belt
1044,28.0,Male,Jeans
1045,39.0,Male,Jeans
1046,54.0,Male,Sweater
1047,40.0,Male,Sneakers
1048,31.0,Male,Socks
1049,30.0,Male,Socks
1050,45.0,Male,Sunglasses
1051,48.0,Male,Sneakers
1052,45.0,Male,Socks
1053,60.0,Male,Shoes
1054,59.0,Male,Blouse
1055,18.0,Male,Shorts
1056,70.0,Male,Jacket
1057,20.0,Male,Sweater
1058,65.0,Male,Jacket
1059,29.0,Male,Scarf
1060,22.0,Male,Jacket
1061,27.0,Male,Sweater
1062,36.0,Male,Coat
1063,59.0,Male,Boots
1064,62.0,Male,Hoodie
1065,34.0,Male,Hat
1066,59.0,Male,T-shirt
1067,49.0,Male,Coat
1068,18.0,Male,Dress
1069,55.0,Male,Shirt
1070,38.0,Male,Skirt
1071,50.0,Male,Jewelry
1072,61.0,Male,Hat
1073,48.0,Male,Shorts
1074,22.0,Male,Scarf
1075,48.0,Male,Jewelry
1076,57.0,Male,Sunglasses
1077,33.0,Male,Coat
1078,58.0,Male,Jacket
1079,37.0,Male,Sweater
1080,18.0,Male,Coat
1081,65.0,Male,Scarf
1082,62.0,Male,Belt
1083,54.0,Male,Hat
1084,35.0,Male,Backpack
1085,34.0,Male,T-shirt
1086,25.0,Male,Jewelry
1087,53.0,Male,Sunglasses
1088,45.0,Male,Jeans
1089,49.0,Male,Pants
1090,40.0,Male,Backpack
1091,38.0,Male,Scarf
1092,44.0,Male,Sweater
1093,68.0,Male,Jewelry
1094,60.0,Male,Sneakers
1095,25.0,Male,Jewelry
1096,19.0,Male,Coat
1097,57.0,Male,Coat
1098,58.0,Male,Sunglasses
1099,49.0,Male,Handbag
1100,19.0,Male,Sweater
1101,50.0,Male,Pants
1102,30.0,Male,Gloves
1103,52.0,Male,Sweater
1104,35.0,Male,Hoodie
1105,35.0,Male,Hat
1106,33.0,Male,T-shirt
1107,52.0,Male,Skirt
1108,69.0,Male,Sneakers
1109,27.0,Male,Shorts
1110,66.0,Male,Hoodie
1111,28.0,Male,Hoodie
1112,22.0,Male,Shoes
1113,69.0,Male,Hoodie
1114,28.0,Male,Sunglasses
1115,55.0,Male,Skirt
1116,30.0,Male,Hat
1117,67.0,Male,Backpack
1118,25.0,Male,Sunglasses
1119,49.0,Male,Belt
1120,34.0,Male,Jewelry
1121,22.0,Male,Sneakers
1122,63.0,Male,T-shirt
1123,70.0,Male,Handbag
1124,36.0,Male,Hat
1125,42.0,Male,Sweater
1126,27.0,Male,Sandals
1127,23.0,Male,Scarf
1128,50.0,Male,Shirt
1129,56.0,Male,Gloves
1130,37.0,Male,Hoodie
1131,67.0,Male,Jewelry
1132,67.0,Male,Shirt
1133,50.0,Male,Hoodie
1134,36.0,Male,Shoes
1135,62.0,Male,T-shirt
1136,65.0,Male,Skirt
1137,23.0,Male,Handbag
1138,46.0,Male,Shirt
1139,18.0,Male,Pants
1140,58.0,Male,Coat
1141,31.0,Male,Jeans
1142,39.0,Male,Gloves
1143,69.0,Male,T-shirt
1144,68.0,Male,Boots
1145,41.0,Male,Jeans
1146,31.0,Male,Sneakers
1147,48.0,Male,Sneakers
1148,59.0,Male,Hat
1149,nan,,Pants
1150,21.0,Male,Jewelry
1151,29.0,Male,Jewelry
1152,41.0,Male,Blouse
1153,62.0,Male,Handbag
1154,27.0,Male,Shirt
1155,49.0,Male,Dress
1156,67.0,Male,T-shirt
1157,20.0,Male,Shoes
1158,37.0,Male,Belt
1159,69.0,Male,Belt
1160,66.0,Male,Handbag
1161,37.0,Male,Scarf
1162,63.0,Male,Shorts
1163,47.0,Male,Sandals
1164,26.0,Male,Pants
1165,68.0,Male,Dress
1166,51.0,Male,T-shirt
1167,48.0,Male,Dress
1168,60.0,Male,Socks
1169,68.0,Male,Scarf
1170,25.0,Male,Backpack
1171,57.0,Male,Skirt
1172,41.0,Male,Socks
1173,59.0,Male,Coat
1174,44.0,Male,Jewelry
1175,42.0,Male,Backpack
1176,35.0,Male,Belt
1177,36.0,Male,Dress
1178,54.0,Male,Skirt
1179,37.0,Male,Dress
1180,20.0,Male,T-shirt
1181,23.0,Male,Skirt
1182,61.0,Male,Shorts
1183,37.0,Male,Jewelry
1184,23.0,Male,Pants
1185,63.0,Male,Belt
1186,47.0,Male,Jeans
1187,63.0,Male,Jeans
1188,56.0,Male,Hat
1189,68.0,Male,Blouse
1190,64.0,Male,Shirt
1191,62.0,Male,Shirt
1192,34.0,Male,T-shirt
1193,49.0,Male,Coat
1194,40.0,Male,Jacket
1195,50.0,Male,Hoodie
1196,25.0,Male,Scarf
1197,30.0,Male,Belt
1198,54.0,Male,Sneakers
1199,40.0,Male,Socks
1200,49.0,Male,Sandals
1201,27.0,Male,Coat
1202,27.0,Male,Shoes
1203,48.0,Male,Scarf
1204,40.0,Male,Sneakers
1205,67.0,Male,Belt
1206,52.0,Male,Handbag
1207,22.0,Male,Handbag
1208,62.0,Male,Boots
1209,20.0,Male,Boots
1210,41.0,Male,Pants
1211,34.0,Male,Sunglasses
1212,23.0,Male,Hoodie
1213,32.0,Male,Shoes
1214,68.0,Male,Handbag
1215,30.0,Male,Jacket
1216,66.0,Male,Blouse
1217,62.0,Male,Pants
1218,50.0,Male,Boots
1219,55.0,Male,Boots
1220,19.0,Male,Sweater
1221,67.0,Male,Gloves
1222,18.0,Male,Socks
1223,58.0,Male,Jeans
1224,69.0,Male,Pants
1225,62.0,Male,Shorts
1226,28.0,Male,Gloves
1227,53.0,Male,Sandals
1228,27.0,Male,Blouse
1229,55.0,Male,Jacket
1230,34.0,Male,Jewelry
1231,25.0,Male,Hat
1232,66.0,Male,Socks
1233,57.0,Male,Handbag
1234,46.0,Male,Pants
1235,38.0,Male,Gloves
1236,23.0,Male,Sweater
1237,42.0,Male,Hat
1238,25.0,Male,Dress
1239,55.0,Male,Pants
1240,62.0,Male,Coat
1241,41.0,Male,Scarf
1242,58.0,Male,Hoodie
1243,56.0,Male,Socks
1244,25.0,Male,Blouse
1245,70.0,Male,Socks
1246,42.0,Male,Dress
1247,27.0,Male,Hoodie
1248,65.0,Male,T-shirt
1249,62.0,Male,Hat
1250,62.0,Male,Boots
1251,52.0,Male,Jeans
1252,56.0,Male,Shorts
1253,28.0,Male,Sandals
1254,39.0,Male,Sandals
1255,54.0,Male,Sneakers
1256,30.0,Male,Hat
1257,45.0,Male,Coat
1258,68.0,Male,Dress
1259,47.0,Male,Boots
1260,68.0,Male,Skirt
1261,63.0,Male,Shirt
1262,20.0,Male,Shirt
1263,29.0,Male,Boots
1264,41.0,Male,Hoodie
1265,52.0,Male,Sweater
1266,32.0,Male,Shirt
1267,20.0,Male,Blouse
1268,47.0,Male,T-shirt
1269,23.0,Male,Jacket
1270,43.0,Male,Jewelry
1271,67.0,Male,Hoodie
1272,70.0,Male,Jewelry
1273,35.0,Male,Sandals
1274,41.0,Male,Jeans
1275,54.0,Male,Hat
1276,55.0,Male,Sweater
1277,51.0,Male,Boots
1278,19.0,Male,Blouse
1279,28.0,Male,Shorts
1280,63.0,Male,Hoodie
1281,30.0,Male,Pants
1282,29.0,Male,Belt
1283,24.0,Male,Shirt
1284,69.0,Male,Shirt
1285,65.0,Male,Dress
1286,64.0,Male,Gloves
1287,40.0,Male,Gloves
1288,24.0,Male,Jeans
1289,66.0,Male,Belt
1290,35.0,Male,Jacket
1291,67.0,Male,Skirt
1292,69.0,Male,Sandals
1293,26.0,Male,Belt
1294,23.0,Male,Sweater
1295,27.0,Male,Shirt
1296,30.0,Male,Sneakers
1297,48.0,Male,Jeans
1298,44.0,Male,Sandals
1299,29.0,Male,Pants
1300,29.0,Male,Belt
1301,67.0,Male,T-shirt
1302,42.0,Male,Shirt
1303,23.0,Male,Sneakers
1304,34.0,Male,Blouse
1305,64.0,Male,Backpack
1306,31.0,Male,Pants
1307,54.0,Male,Sweater
1308,23.0,Male,Coat
1309,59.0,Male,Dress
1310,32.0,Male,Blouse
1311,43.0,Male,Hoodie
1312,32.0,Male,Shoes
1313,66.0,Male,T-shirt
1314,70.0,Male,Shoes
1315,42.0,Male,Boots
1316,56.0,Male,Shorts
1317,28.0,Male,Belt
1318,28.0,Male,Pants
1319,52.0,Male,Shorts
1320,65.0,Male,Sunglasses
1321,56.0,Male,Hat
1322,59.0,Male,T-shirt
1323,23.0,Male,Pants
1324,58.0,Male,Shorts
1325,39.0,Male,Jewelry
1326,28.0,Male,Backpack
1327,40.0,Male,Shoes
1328,52.0,Male,Coat
1329,37.0,Male,Sweater
1330,70.0,Male,Gloves
1331,30.0,Male,Handbag
1332,38.0,Male,Socks
1333,66.0,Male,Hoodie
1334,29.0,Male,Pants
1335,46.0,Male,Coat
1336,56.0,Male,Boots
1337,23.0,Male,Sneakers
1338,37.0,Male,Sweater
1339,56.0,Male,Handbag
1340,36.0,Male,Belt
1341,40.0,Male,Belt
1342,26.0,Male,Hoodie
1343,57.0,Male,Sunglasses
1344,68.0,Male,Sneakers
1345,56.0,Male,T-shirt
1346,40.0,Male,Dress
1347,44.0,Male,Hoodie
1348,44.0,Male,Sweater
1349,19.0,Male,Belt
1350,21.0,Male,Socks
1351,31.0,Male,Sunglasses
1352,30.0,Male,Coat
1353,65.0,Male,Hat
1354,39.0,Male,Pants
1355,64.0,Male,Backpack
1356,59.0,Male,Shorts
1357,49.0,Male,Jacket
1358,24.0,Male,Backpack
1359,19.0,Male,Scarf
1360,27.0,Male,Hoodie
1361,56.0,Male,Skirt
1362,49.0,Male,Dress
1363,41.0,Male,Coat
1364,36.0,Male,Blouse
1365,68.0,Male,Hat
1366,28.0,Male,Handbag
1367,45.0,Male,Belt
1368,60.0,Male,Belt
1369,21.0,Male,Shirt
1370,32.0,Male,Shoes
1371,27.0,Male,Scarf
1372,40.0,Male,Pants
1373,64.0,Male,Blouse
1374,18.0,Male,Gloves
1375,22.0,Male,Handbag
1376,42.0,Male,Sneakers
1377,57.0,Male,Sandals
1378,33.0,Male,Sunglasses
1379,37.0,Male,Jacket
1380,21.0,Male,T-shirt
1381,51.0,Male,Sneakers
1382,30.0,Male,Shoes
1383,68.0,Male,Jacket
1384,36.0,Male,Scarf
1385,46.0,Male,Sneakers
1386,41.0,Male,Jewelry
1387,68.0,Male,Jacket
1388,21.0,Male,Blouse
1389,62.0,Male,Dress
1390,59.0,Male,Scarf
1391,25.0,Male,Hat
1392,53.0,Male,Blouse
1393,31.0,Male,Gloves
1394,46.0,Male,Gloves
1395,26.0,Male,Coat
1396,47.0,Male,Scarf
1397,37.0,Male,Pants
1398,55.0,Male,Sunglasses
1399,30.0,Male,Dress
1400,19.0,Male,Hat
1401,36.0,Male,Backpack
1402,23.0,Male,Sandals
1403,62.0,Male,Sunglasses
1404,26.0,Male,Backpack
1405,36.0,Male,Jewelry
1406,33.0,Male,Socks
1407,32.0,Male,Shirt
1408,56.0,Male,Handbag
1409,58.0,Male,Blouse
1410,34.0,Male,Backpack
1411,61.0,Male,Hat
1412,48.0,Male,Skirt
1413,25.0,Male,Shorts
1414,51.0,Male,Blouse
1415,29.0,Male,Socks
1416,54.0,Male,Belt
1417,48.0,Male,Boots
1418,62.0,Male,Shorts
1419,18.0,Male,Shirt
1420,43.0,Male,Handbag
1421,22.0,Male,Jeans
1422,68.0,Male,Dress
1423,44.0,Male,Dress
1424,51.0,Male,Sandals
1425,66.0,Male,Jacket
1426,59.0,Male,Coat
1427,60.0,Male,Pants
1428,31.0,Male,Backpack
1429,20.0,Male,Blouse
1430,24.0,Male,Skirt
1431,48.0,Male,Sandals
1432,39.0,Male,Pants
1433,34.0,Male,Hat
1434,70.0,Male,Hoodie
1435,59.0,Male,Sweater
1436,45.0,Male,Scarf
1437,35.0,Male,Sneakers
1438,69.0,Male,Boots
1439,58.0,Male,Coat
1440,25.0,Male,Boots
1441,27.0,Male,Sandals
1442,34.0,Male,Pants
1443,53.0,Male,Hoodie
1444,58.0,Male,Sandals
1445,32.0,Male,Sweater
1446,64.0,Male,Belt
1447,63.0,Male,Jeans
1448,23.0,Male,Hoodie
1449,64.0,Male,Boots
1450,18.0,Male,Socks
1451,25.0,Male,Dress
1452,54.0,Male,Jacket
1453,60.0,Male,Jacket
1454,36.0,Male,Boots
1455,66.0,Male,Sneakers
1456,60.0,Male,Pants
1457,59.0,Male,Coat
1458,58.0,Male,Shirt
1459,35.0,Male,Sweater
1460,20.0,Male,Shoes
1461,70.0,Male,Boots
1462,54.0,Male,Sunglasses
1463,38.0,Male,Sneakers
1464,54.0,Male,Jewelry
1465,33.0,Male,Belt
1466,46.0,Male,Gloves
1467,58.0,Male,Shorts
1468,30.0,Male,Jewelry
1469,42.0,Male,Gloves
1470,28.0,Male,Jewelry
1471,43.0,Male,Sandals
1472,31.0,Male,Jewelry
1473,39.0,Male,Hat
1474,69.0,Male,Shorts
1475,31.0,Male,Sweater
1476,44.0,Male,Blouse
1477,39.0,Male,Hat
1478,24.0,Male,Belt
1479,28.0,Male,Gloves
1480,48.0,Male,Coat
1481,39.0,Male,Jewelry
1482,64.0,Male,Skirt
1483,28.0,Male,Gloves
1484,39.0,Male,Jewelry
1485,49.0,Male,Shorts
1486,22.0,Male,Gloves
1487,25.0,Male,Sneakers
1488,40.0,Male,Skirt
1489,23.0,Male,Hat
1490,24.0,Male,Jewelry
1491,66.0,Male,Sneakers
1492,nan,,Shirt
1493,62.0,Male,Jacket
1494,70.0,Male,Belt
1495,43.0,Male,T-shirt
1496,45.0,Male,Jewelry
1497,63.0,Male,T-shirt
1498,69.0,Male,Jacket
1499,59.0,Male,Sweater
1500,19.0,Male,Boots
1501,63.0,Male,Jeans
1502,37.0,Male,Jeans
1503,37.0,Male,Pants
1504,50.0,Male,Jacket
1505,60.0,Male,Jacket
1506,46.0,Male,Belt
1507,35.0,Male,Shirt
1508,66.0,Male,Dress
1509,35.0,Male,Blouse
1510,20.0,Male,Dress
1511,55.0,Male,Blouse
1512,34.0,Male,Dress
1513,60.0,Male,Sneakers
1514,22.0,Male,Socks
1515,26.0,Male,Shoes
1516,39.0,Male,Jeans
1517,20.0,Male,Jeans
1518,57.0,Male,Gloves
1519,68.0,Male,Belt
1520,50.0,Male,Sunglasses
1521,21.0,Male,Hat
1522,29.0,Male,Backpack
1523,38.0,Male,Shorts
1524,54.0,Male,Socks
1525,22.0,Male,Socks
1526,29.0,Male,Belt
1527,41.0,Male,Jacket
1528,26.0,Male,Hat
1529,69.0,Male,T-shirt
1530,20.0,Male,Backpack
1531,59.0,Male,Coat
1532,63.0,Male,Backpack
1533,nan,,Jacket
1534,50.0,Male,Shoes
1535,55.0,Male,Blouse
1536,36.0,Male,Sandals
1537,18.0,Male,Sunglasses
1538,68.0,Male,Shoes
1539,56.0,Male,Dress
1540,32.0,Male,Belt
1541,28.0,Male,Shorts
1542,24.0,Male,Handbag
1543,59.0,Male,Blouse
1544,56.0,Male,Jeans
1545,30.0,Male,Jewelry
1546,48.0,Male,Belt
1547,60.0,Male,Sneakers
1548,46.0,Male,Hat
1549,69.0,Male,Dress
1550,19.0,Male,Sneakers
1551,66.0,Male,Sunglasses
1552,64.0,Male,Handbag
1553,54.0,Male,Blouse
1554,27.0,Male,Blouse
1555,64.0,Male,Shorts
1556,43.0,Male,Shorts
1557,43.0,Male,Hoodie
1558,27.0,Male,Backpack
1559,35.0,Male,Sunglasses
1560,43.0,Male,Scarf
1561,57.0,Male,Hat
1562,50.0,Male,Scarf
1563,37.0,Male,Scarf
1564,68.0,Male,Pants
1565,22.0,Male,Backpack
1566,58.0,Male,Sunglasses
1567,48.0,Male,Sneakers
1568,30.0,Male,Backpack
1569,51.0,Male,Sneakers
1570,20.0,Male,Skirt
1571,30.0,Male,Pants
1572,28.0,Male,Jewelry
1573,37.0,Male,Skirt
1574,36.0,Male,T-shirt
1575,18.0,Male,Skirt
1576,52.0,Male,Shirt
1577,56.0,Male,Dress
1578,68.0,Male,Boots
1579,62.0,Male,Pants
1580,35.0,Male,Jacket
1581,65.0,Male,Sneakers
1582,69.0,Male,Jewelry
1583,28.0,Male,Belt
1584,37.0,Male,Scarf
1585,41.0,Male,Blouse
1586,37.0,Male,Sweater
1587,25.0,Male,Boots
1588,41.0,Male,Socks
1589,48.0,Male,Belt
1590,42.0,Male,Sneakers
1591,54.0,Male,Jeans
1592,18.0,Male,Skirt
1593,56.0,Male,Shoes
1594,61.0,Male,Dress
1595,40.0,Male,Handbag
1596,34.0,Male,Backpack
1597,42.0,Male,Jewelry
1598,43.0,Male,Hat
1599,47.0,Male,Jewelry
1600,48.0,Male,Shirt
1601,20.0,Male,Boots
1602,65.0,Male,Shirt
1603,54.0,Male,Sunglasses
1604,23.0,Male,Shorts
1605,18.0,Male,Sweater
1606,70.0,Male,Belt
1607,55.0,Male,T-shirt
1608,49.0,Male,Shorts
1609,26.0,Male,Sandals
1610,33.0,Male,Shirt
1611,20.0,Male,Socks
1612,41.0,Male,Pants
1613,18.0,Male,Skirt
1614,26.0,Male,Jewelry
1615,30.0,Male,T-shirt
1616,64.0,Male,Jewelry
1617,26.0,Male,Hat
1618,43.0,Male,Blouse
1619,63.0,Male,Sandals
1620,57.0,Male,Handbag
1621,25.0,Male,Hat
1622,68.0,Male,Scarf
1623,31.0,Male,Shorts
1624,64.0,Male,Backpack
1625,38.0,Male,Sweater
1626,34.0,Male,Skirt
1627,32.0,Male,Sneakers
1628,69.0,Male,Sunglasses
1629,45.0,Male,Dress
1630,35.0,Male,Blouse
1631,63.0,Male,Shoes
1632,65.0,Male,Sweater
1633,35.0,Male,Gloves
1634,54.0,Male,Socks
1635,28.0,Male,Coat
1636,68.0,Male,Sunglasses
1637,58.0,Male,Boots
1638,35.0,Male,Dress
1639,68.0,Male,Jacket
1640,41.0,Male,Gloves
1641,65.0,Male,Scarf
1642,50.0,Male,Hoodie
1643,18.0,Male,Coat
1644,38.0,Male,Scarf
1645,68.0,Male,Coat
1646,53.0,Male,Scarf
1647,58.0,Male,Handbag
1648,34.0,Male,Boots
1649,36.0,Male,Pants
1650,58.0,Male,T-shirt
1651,60.0,Male,Scarf
1652,59.0,Male,Coat
1653,65.0,Male,Sweater
1654,31.0,Male,Belt
1655,43.0,Male,Belt
1656,37.0,Male,Sweater
1657,21.0,Male,Blouse
1658,69.0,Male,Skirt
1659,32.0,Male,Jewelry
1660,53.0,Male,Gloves
1661,59.0,Male,T-shirt
1662,64.0,Male,Gloves
1663,63.0,Male,Sunglasses
1664,43.0,Male,Shirt
1665,19.0,Male,Handbag
1666,40.0,Male,Jacket
1667,51.0,Male,Skirt
1668,51.0,Male,Handbag
1669,66.0,Male,Blouse
1670,42.0,Male,T-shirt
1671,22.0,Male,Pants
1672,31.0,Male,Hoodie
1673,18.0,Male,Boots
1674,21.0,Male,Blouse
1675,35.0,Male,Coat
1676,35.0,Male,Pants
1677,27.0,Male,Sunglasses
1678,65.0,Male,Jeans
1679,41.0,Male,Pants
1680,60.0,Male,Dress
1681,61.0,Male,Shoes
1682,24.0,Male,Sneakers
1683,65.0,Male,Socks
1684,23.0,Male,Coat
1685,30.0,Male,Shirt
1686,33.0,Male,Blouse
1687,22.0,Male,Gloves
1688,67.0,Male,Skirt
1689,28.0,Male,Handbag
1690,32.0,Male,Shirt
1691,40.0,Male,Coat
1692,64.0,Male,Shoes
1693,56.0,Male,Handbag
1694,63.0,Male,Jacket
1695,20.0,Male,Shirt
1696,54.0,Male,Hat
1697,31.0,Male,Sunglasses
1698,36.0,Male,Shirt
1699,25.0,Male,Belt
1700,20.0,Male,Sweater
1701,62.0,Male,Hoodie
1702,69.0,Male,Handbag
1703,54.0,Male,Jeans
1704,39.0,Male,Backpack
1705,56.0,Male,Sneakers
1706,39.0,Male,Jewelry
1707,37.0,Male,Sunglasses
1708,25.0,Male,Shorts
1709,35.0,Male,Boots
1710,45.0,Male,Skirt
1711,19.0,Male,Pants
1712,21.0,Male,T-shirt
1713,65.0,Male,T-shirt
1714,49.0,Male,Jacket
1715,30.0,Male,Jeans
1716,23.0,Male,Dress
1717,69.0,Male,Blouse
1718,29.0,Male,Hoodie
1719,54.0,Male,T-shirt
1720,45.0,Male,Sweater
1721,25.0,Male,Shorts
1722,34.0,Male,Jewelry
1723,46.0,Male,T-shirt
1724,70.0,Male,Scarf
1725,42.0,Male,Shoes
1726,45.0,Male,Sunglasses
1727,57.0,Male,Coat
1728,49.0,Male,Blouse
1729,23.0,Male,Jeans
1730,47.0,Male,Shorts
1731,23.0,Male,Shirt
1732,21.0,Male,Backpack
1733,45.0,Male,Belt
1734,67.0,Male,Blouse
1735,31.0,Male,Jeans
1736,58.0,Male,Dress
1737,57.0,Male,Shorts
1738,42.0,Male,Jewelry
1739,nan,,Handbag
1740,21.0,Male,Jewelry
1741,69.0,Male,Pants
1742,41.0,Male,Pants
1743,51.0,Male,Sandals
1744,nan,,Skirt
1745,57.0,Male,Sunglasses
1746,40.0,Male,Skirt
1747,65.0,Male,Handbag
1748,61.0,Male,Coat
1749,34.0,Male,Skirt
1750,43.0,Male,Hoodie
1751,31.0,Male,Sunglasses
1752,57.0,Male,Sweater
1753,34.0,Male,Boots
1754,25.0,Male,Skirt
1755,66.0,Male,Dress
1756,56.0,Male,Belt
1757,49.0,Male,Jewelry
1758,19.0,Male,Dress
1759,27.0,Male,Hat
1760,68.0,Male,Sweater
1761,20.0,Male,Skirt
1762,21.0,Male,Hoodie
1763,36.0,Male,Sandals
1764,37.0,Male,Jewelry
1765,61.0,Male,Dress
1766,68.0,Male,Hoodie
1767,60.0,Male,Sweater
1768,69.0,Male,Jewelry
1769,25.0,Male,Sandals
1770,32.0,Male,Socks
1771,53.0,Male,Backpack
1772,46.0,Male,Shirt
1773,58.0,Male,Shoes
1774,21.0,Male,Coat
1775,46.0,Male,Sweater
1776,18.0,Male,Jacket
1777,56.0,Male,Jacket
1778,18.0,Male,Sneakers
1779,49.0,Male,Belt
1780,29.0,Male,Scarf
1781,67.0,Male,Jewelry
1782,31.0,Male,T-shirt
1783,52.0,Male,Pants
1784,42.0,Male,Handbag
1785,32.0,Male,Backpack
1786,47.0,Male,Gloves
1787,45.0,Male,Jacket
1788,20.0,Male,Sweater
1789,66.0,Male,Blouse
1790,52.0,Male,Blouse
1791,50.0,Male,Gloves
1792,62.0,Male,Jeans
1793,38.0,Male,Sneakers
1794,65.0,Male,Hat
1795,60.0,Male,Backpack
1796,68.0,Male,Jeans
1797,62.0,Male,Skirt
1798,62.0,Male,Belt
1799,40.0,Male,Dress
1800,32.0,Male,Hoodie
1801,nan,,Coat
1802,33.0,Male,Sweater
1803,57.0,Male,Shorts
1804,60.0,Male,Sneakers
1805,30.0,Male,Sweater
1806,41.0,Male,T-shirt
1807,58.0,Male,Handbag
1808,34.0,Male,Sneakers
1809,67.0,Male,Jacket
1810,58.0,Male,Backpack
1811,41.0,Male,Jeans
1812,42.0,Male,Belt
1813,50.0,Male,Boots
1814,40.0,Male,Shorts
1815,32.0,Male,Jeans
1816,51.0,Male,Shoes
1817,26.0,Male,Hat
1818,32.0,Male,T-shirt
1819,58.0,Male,Sunglasses
1820,51.0,Male,Socks
1821,19.0,Male,Shirt
1822,57.0,Male,Shorts
1823,66.0,Male,Shirt
1824,62.0,Male,Socks
1825,58.0,Male,Pants
1826,23.0,Male,Boots
1827,45.0,Male,T-shirt
1828,20.0,Male,T-shirt
1829,33.0,Male,Coat
1830,30.0,Male,Hat
1831,50.0,Male,Sunglasses
1832,62.0,Male,Blouse
1833,69.0,Male,Jewelry
1834,34.0,Male,Jewelry
1835,49.0,Male,Skirt
1836,65.0,Male,Scarf
1837,66.0,Male,Pants
1838,41.0,Male,Hat
1839,37.0,Male,Gloves
1840,32.0,Male,Shirt
1841,42.0,Male,Sandals
1842,31.0,Male,Socks
1843,61.0,Male,Handbag
1844,36.0,Male,Jacket
1845,60.0,Male,Shorts
1846,51.0,Male,Sandals
1847,68.0,Male,Scarf
1848,46.0,Male,Sandals
1849,19.0,Male,Jeans
1850,30.0,Male,Skirt
1851,51.0,Male,Gloves
1852,28.0,Male,Skirt
1853,41.0,Male,Sweater
1854,29.0,Male,Blouse
1855,25.0,Male,Sweater
1856,60.0,Male,Shirt
1857,63.0,Male,Jewelry
1858,51.0,Male,T-shirt
1859,22.0,Male,Scarf
1860,54.0,Male,Belt
1861,18.0,Male,T-shirt
1862,29.0,Male,Sneakers
1863,59.0,Male,Gloves
1864,nan,,Sandals
1865,19.0,Male,Backpack
1866,56.0,Male,Pants
1867,31.0,Male,T-shirt
1868,45.0,Male,Skirt
1869,23.0,Male,Gloves
1870,18.0,Male,Blouse
1871,43.0,Male,Blouse
1872,56.0,Male,Jeans
1873,43.0,Male,T-shirt
1874,64.0,Male,Sweater
1875,67.0,Male,Pants
1876,63.0,Male,Boots
1877,54.0,Male,Skirt
1878,69.0,Male,Gloves
1879,34.0,Male,Socks
1880,56.0,Male,T-shirt
1881,34.0,Male,Blouse
1882,58.0,Male,Blouse
1883,44.0,Male,Scarf
1884,25.0,Male,Backpack
1885,27.0,Male,Shorts
1886,26.0,Male,Jewelry
1887,18.0,Male,Gloves
1888,64.0,Male,Hoodie
1889,62.0,Male,Hoodie
1890,59.0,Male,Skirt
1891,36.0,Male,Sunglasses
1892,69.0,Male,Jewelry
1893,39.0,Male,Jacket
1894,28.0,Male,Dress
1895,42.0,Male,Hoodie
1896,31.0,Male,Jeans
1897,57.0,Male,Sandals
1898,53.0,Male,Sunglasses
1899,59.0,Male,Pants
1900,32.0,Male,Shorts
1901,65.0,Male,Jewelry
1902,56.0,Male,Socks
1903,31.0,Male,Sandals
1904,59.0,Male,Pants
1905,22.0,Male,T-shirt
1906,47.0,Male,Boots
1907,23.0,Male,Backpack
1908,69.0,Male,Skirt
1909,18.0,Male,Scarf
1910,nan,,Sweater
1911,29.0,Male,Sandals
1912,65.0,Male,Jewelry
1913,29.0,Male,Sweater
1914,49.0,Male,Skirt
1915,28.0,Male,Shorts
1916,51.0,Male,Backpack
1917,26.0,Male,Hoodie
1918,38.0,Male,Skirt
1919,35.0,Male,Skirt
1920,34.0,Male,Backpack
1921,51.0,Male,Blouse
1922,47.0,Male,Shirt
1923,18.0,Male,Gloves
1924,64.0,Male,Sandals
1925,30.0,Male,Jacket
1926,59.0,Male,Sneakers
1927,66.0,Male,Backpack
1928,40.0,Male,Pants
1929,25.0,Male,Sunglasses
1930,59.0,Male,Jeans
1931,66.0,Male,Pants
1932,54.0,Male,Jewelry
1933,42.0,Male,Hoodie
1934,48.0,Male,Sandals
1935,34.0,Male,Jacket
1936,19.0,Male,Blouse
1937,70.0,Male,Jewelry
1938,43.0,Male,Socks
1939,46.0,Male,Jeans
1940,66.0,Male,Gloves
1941,50.0,Male,Hat
1942,55.0,Male,Shoes
1943,63.0,Male,Pants
1944,32.0,Male,Socks
1945,30.0,Male,Hoodie
1946,35.0,Male,Hoodie
1947,59.0,Male,Pants
1948,59.0,Male,Shirt
1949,54.0,Male,T-shirt
1950,63.0,Male,Dress
1951,43.0,Male,Backpack
1952,33.0,Male,Gloves
1953,57.0,Male,Shoes
1954,25.0,Male,Skirt
1955,26.0,Male,Gloves
1956,50.0,Male,Hoodie
1957,70.0,Male,Socks
1958,68.0,Male,Gloves
1959,39.0,Male,Shorts
1960,46.0,Male,Shoes
1961,57.0,Male,Jeans
1962,47.0,Male,Boots
1963,40.0,Male,Hat
1964,52.0,Male,Shorts
1965,40.0,Male,Pants
1966,67.0,Male,Sweater
1967,67.0,Male,Jacket
1968,37.0,Male,Dress
1969,67.0,Male,Shirt
1970,64.0,Male,Dress
1971,28.0,Male,Belt
1972,54.0,Male,Hat
1973,54.0,Male,Backpack
1974,24.0,Male,Skirt
1975,27.0,Male,Gloves
1976,53.0,Male,Jacket
1977,32.0,Male,Handbag
1978,24.0,Male,Sandals
1979,45.0,Male,Sunglasses
1980,49.0,Male,Jeans
1981,51.0,Male,Sandals
1982,69.0,Male,Shoes
1983,41.0,Male,Sunglasses
1984,59.0,Male,Scarf
1985,26.0,Male,Skirt
1986,23.0,Male,Gloves
1987,62.0,Male,Coat
1988,69.0,Male,Belt
1989,46.0,Male,Pants
1990,35.0,Male,Jewelry
1991,32.0,Male,Backpack
1992,46.0,Male,Sneakers
1993,33.0,Male,Hoodie
1994,32.0,Male,Blouse
1995,33.0,Male,Sunglasses
1996,67.0,Male,Boots
1997,67.0,Male,Sneakers
1998,42.0,Male,Backpack
1999,20.0,Male,Pants
2000,39.0,Male,Socks
1,55.0,Male,Blouse
2,19.0,Male,Sweater
3,50.0,Male,Jeans
1994,32.0,Male,Blouse
1995,33.0,Male,Sunglasses
1996,67.0,Male,Boots
1997,67.0,Male,Sneakers
1998,42.0,Male,Backpack
1999,20.0,Male,Pants
2000,39.0,Male,Socks
1,55.0,Male,Blouse
2,19.0,Male,Sweater
3,50.0,Male,Jeans
